{
  "mu": 0.12975202566935717,
  "att_weights": {
    "bip_pc": 0.08456399219094998,
    "bevoelkerung": -0.025839662235817257,
    "marktwert": 0.16154784465420674,
    "fifa_punkte": 0.043404255071644755,
    "elo": 0.13672971394436992
  },
  "def_weights": {
    "bip_pc": -0.02183796652184438,
    "bevoelkerung": -0.00068007780141454,
    "marktwert": 0.055851757763325155,
    "fifa_punkte": 0.029812205010007153,
    "elo": 0.19799227872774833
  },
  "home": 0.16314657699756965,
  "halflife": 1095,
  "rho": -0.05499999999999984,
  "model": "att/def+decay",
  "n_matches": 986,
  "cutoff": "2018-01-01",
  "fitted_on": "results.csv"
}